{"R0": [1.3, 1.32, 1.34, 1.36, 1.3800000000000001, 1.4000000000000001, 1.42, 1.44, 1.46, 1.48, 1.5, 1.52, 1.54, 1.56, 1.58, 1.6, 1.62, 1.6400000000000001, 1.6600000000000001, 1.6800000000000002, 1.7000000000000002, 1.72, 1.74, 1.76, 1.78, 1.8, 1.82, 1.84, 1.86, 1.88, 1.9, 1.92, 1.94, 1.96, 1.98, 2.0], "HupN": [0.11463080351985735, 0.11280000490058437, 0.11106589108188332, 0.10943834376522302, 0.10785105289925906, 0.10634562370156359, 0.10488177927441282, 0.10345572056525787, 0.1020931142140537, 0.1007399679654329, 0.09943709499473997, 0.09815777785268791, 0.09697841598320857, 0.09572752072357169, 0.09454737931565553, 0.0933935739068081, 0.09230325466750794, 0.09120269044195664, 0.09010047650397544, 0.0890885254367609, 0.08803025708902522, 0.08710921623670886, 0.08612744375550462, 0.08512667288067186, 0.08418406177308566, 0.08324691693862787, 0.0823498145965824, 0.08157689521914893, 0.08064108462597341, 0.07982879235833434, 0.07896008216693935, 0.07819300674987789, 0.07737532217455217, 0.07664710438955318, 0.07580474724792224, 0.0750753116341396], "HupHmax": [95.52566959988113, 94.00000408382031, 92.55490923490278, 91.19861980435253, 89.87587741604922, 88.62135308463633, 87.40148272867737, 86.21310047104824, 85.0775951783781, 83.94997330452743, 82.86424582894998, 81.79814821057327, 80.81534665267382, 79.77293393630974, 78.78948276304628, 77.82797825567341, 76.91937888958996, 76.00224203496387, 75.08373041997955, 74.24043786396741, 73.3585475741877, 72.59101353059073, 71.77286979625386, 70.93889406722656, 70.15338481090473, 69.3724307821899, 68.62484549715201, 67.98074601595745, 67.20090385497785, 66.5239936319453, 65.80006847244947, 65.16083895823158, 64.47943514546014, 63.87258699129432, 63.17062270660188, 62.56275969511634]}
