{"R0": [1.3, 1.32, 1.34, 1.36, 1.3800000000000001, 1.4000000000000001, 1.42, 1.44, 1.46, 1.48, 1.5, 1.52, 1.54, 1.56, 1.58, 1.6, 1.62, 1.6400000000000001, 1.6600000000000001, 1.6800000000000002, 1.7000000000000002, 1.72, 1.74, 1.76, 1.78, 1.8, 1.82, 1.84, 1.86, 1.88, 1.9, 1.92, 1.94, 1.96, 1.98, 2.0], "HupN": [0.11589087258288712, 0.11371581251573042, 0.11171826605838141, 0.10985750274827154, 0.10810584710074253, 0.10640717470574793, 0.1047994484555142, 0.10326815502232858, 0.10177615712415816, 0.10031136651279891, 0.09896022187763216, 0.09755889299853018, 0.09624870319687566, 0.09497419512229717, 0.09372800872624949, 0.09252057650251828, 0.09137452543988343, 0.09022965763390743, 0.08911391382163908, 0.08799179337399338, 0.08697503847003467, 0.0859638395613265, 0.08492853014669242, 0.0839751144985691, 0.08299966380820507, 0.08201307855906204, 0.08111139833540076, 0.08026083446457499, 0.07937509353456956, 0.0785267954581313, 0.07767022194975035, 0.07683934464587357, 0.07606246553548543, 0.07528475135729877, 0.0745260398710027, 0.07371913800271974], "HupHmax": [96.57572715240595, 94.763177096442, 93.09855504865118, 91.54791895689296, 90.08820591728545, 88.67264558812329, 87.33287371292852, 86.05679585194049, 84.81346427013182, 83.59280542733244, 82.46685156469348, 81.29907749877516, 80.20725266406306, 79.14516260191431, 78.10667393854125, 77.10048041876524, 76.14543786656954, 75.19138136158954, 74.2615948513659, 73.32649447832782, 72.4791987250289, 71.63653296777208, 70.77377512224369, 69.97926208214092, 69.16638650683757, 68.3442321325517, 67.59283194616731, 66.88402872047918, 66.14591127880797, 65.43899621510941, 64.7251849581253, 64.03278720489465, 63.38538794623786, 62.73729279774898, 62.10503322583559, 61.43261500226645]}
