{"R0": [1.3, 1.32, 1.34, 1.36, 1.3800000000000001, 1.4000000000000001, 1.42, 1.44, 1.46, 1.48, 1.5, 1.52, 1.54, 1.56, 1.58, 1.6, 1.62, 1.6400000000000001, 1.6600000000000001, 1.6800000000000002, 1.7000000000000002, 1.72, 1.74, 1.76, 1.78, 1.8, 1.82, 1.84, 1.86, 1.88, 1.9, 1.92, 1.94, 1.96, 1.98, 2.0], "HupN": [0.11563915708964978, 0.11374316398570126, 0.1119871738161214, 0.11030977816216102, 0.10873550988699353, 0.10720890677072674, 0.10574288169010893, 0.10432845654693435, 0.10295087881152773, 0.10160859811477654, 0.10031280097360315, 0.09902753062813423, 0.09782853586287499, 0.09659952178847928, 0.09543828217564013, 0.09429538878347163, 0.09318523576126736, 0.09209894709553484, 0.09103381055698886, 0.09000647909097757, 0.08898503347339974, 0.08801113152682948, 0.0870084732809199, 0.08604717050010936, 0.08517425083971202, 0.08423563591027612, 0.08335641336958043, 0.08249808421720593, 0.08162874180579245, 0.08078788170042411, 0.07998325893407084, 0.07918638206305299, 0.07835992983362129, 0.07762744285909491, 0.07687218473639588, 0.07612815165827766], "HupHmax": [96.36596424137483, 94.7859699880844, 93.32264484676786, 91.9248151351342, 90.61292490582795, 89.3407556422723, 88.1190680750908, 86.94038045577864, 85.79239900960646, 84.67383176231381, 83.59400081133596, 82.52294219011186, 81.52377988572917, 80.49960149039941, 79.53190181303346, 78.57949065289303, 77.65436313438948, 76.74912257961239, 75.86150879749073, 75.00539924248132, 74.15419456116645, 73.34260960569124, 72.50706106743326, 71.70597541675781, 70.97854236642668, 70.19636325856345, 69.46367780798369, 68.74840351433829, 68.02395150482707, 67.32323475035345, 66.65271577839238, 65.98865171921082, 65.29994152801775, 64.68953571591244, 64.06015394699659, 63.440126381898054]}
