{"EB": {"1.5": {"Hl": [0.67, 0.671, 0.672, 0.673, 0.674, 0.675, 0.676, 0.677, 0.678, 0.679, 0.68, 0.681, 0.682, 0.683, 0.684, 0.685, 0.686, 0.687, 0.6880000000000001, 0.6890000000000001, 0.6900000000000001, 0.6910000000000001, 0.6920000000000001, 0.6930000000000001, 0.6940000000000001, 0.6950000000000001, 0.6960000000000001, 0.6970000000000001, 0.6980000000000001, 0.6990000000000001, 0.7000000000000001, 0.7010000000000001, 0.7020000000000001, 0.7030000000000001, 0.7040000000000001, 0.7050000000000001, 0.7060000000000001, 0.7070000000000001, 0.7080000000000001, 0.7090000000000001], "D": [1.3865047621441955, 1.386692629522252, 1.3869276967059, 1.3871630223400369, 1.3873514692291309, 1.3875872597330066, 1.387823309537547, 1.3880123359551435, 1.3882488516911657, 1.3884856264099692, 1.3886752323657519, 1.388912473489659, 1.389149973858111, 1.2386078982219082, 1.2368180744379218, 1.2356699127971842, 1.2351100498097085, 1.2344198166363034, 1.234053287505066, 1.2335525177587001, 1.2331613716563423, 1.2329737105639234, 1.2327149207529364, 1.2324812361059732, 1.2324269223235311, 1.2322309156875535, 1.2322093107899852, 1.232113855918203, 1.2321100089891583, 1.2320456335638255, 1.2319881921642426, 1.2320850053125207, 1.2320497339761138, 1.2321656187099235, 1.2321457294737537, 1.232270330522239, 1.2323433461185476, 1.2324216511890398, 1.2324881354282964, 1.232579330488069]}, "dono": {"D": [1.6181819112126323]}}, "BM": {"1.5": {"Hl": [0.67, 0.68, 0.6900000000000001, 0.7000000000000001], "D_mean": [1.3549911529841507, 1.3371689359257797, 1.311173544843702, 1.2853277304947597], "D_lb": [1.218763980402462, 1.2178695061090288, 1.2163885335725113, 1.2180038808511378], "D_ub": [1.3941331987595176, 1.3948662876303572, 1.3952043961986338, 1.3949386328197957]}}}