{"EB": {"1.5": {"Hl": [0.54, 0.541, 0.542, 0.543, 0.544, 0.545, 0.546, 0.547, 0.548, 0.549, 0.55, 0.551, 0.552, 0.553, 0.554, 0.555, 0.556, 0.557, 0.558, 0.559, 0.56, 0.561, 0.562, 0.5630000000000001, 0.5640000000000001, 0.5650000000000001, 0.5660000000000001, 0.5670000000000001, 0.5680000000000001, 0.5690000000000001, 0.5700000000000001, 0.5710000000000001, 0.5720000000000001, 0.5730000000000001, 0.5740000000000001, 0.5750000000000001, 0.5760000000000001, 0.5770000000000001, 0.5780000000000001, 0.5790000000000001, 0.5800000000000001, 0.5810000000000001, 0.5820000000000001, 0.5830000000000001, 0.5840000000000001, 0.5850000000000001, 0.5860000000000001, 0.5870000000000001, 0.5880000000000001, 0.5890000000000001, 0.5900000000000001, 0.5910000000000001, 0.5920000000000001, 0.5930000000000001, 0.5940000000000001, 0.5950000000000001, 0.5960000000000001, 0.5970000000000001, 0.5980000000000001, 0.5990000000000001], "D": [1.314205941256318, 1.3143864118126547, 1.3145671635370244, 1.3147119675064363, 1.1343773362506346, 1.1312248135458587, 1.129719950296546, 1.1287074196959435, 1.1280177404334264, 1.1273765806108025, 1.1267553138837478, 1.126312577059628, 1.1258683280999482, 1.1256329074284668, 1.1253084587465116, 1.1250806612876787, 1.124924537701103, 1.1247358122285482, 1.1245110753926826, 1.1243689435940794, 1.1243336013592353, 1.1242151636487983, 1.1241211239069855, 1.1241118890014141, 1.1241043955175714, 1.124037453816178, 1.1240593050787742, 1.1240776381085473, 1.1240422523449933, 1.1241518044568768, 1.1241329945916323, 1.1241865875978967, 1.1243154717689139, 1.1243170446567095, 1.1243910973787155, 1.1245374614643717, 1.1246255865061, 1.1247158365325136, 1.1248122457303118, 1.124917504820731, 1.1250862491599805, 1.1251993993663938, 1.1253784382544674, 1.1254993148984092, 1.12561546473146, 1.1258161238810354, 1.1259380725738368, 1.1261487209090315, 1.1262912444841633, 1.1264938701185798, 1.126645397741718, 1.1268534138429775, 1.1270130247344443, 1.127226288904868, 1.1273918804605687, 1.12761041806268, 1.1278524693465328, 1.128006536461773, 1.1282546421007564, 1.1284840429705596]}, "dono": {"D": [1.5401773480764267]}}, "BM": {"1.5": {"Hl": [0.54, 0.55, 0.56, 0.5700000000000001, 0.5800000000000001, 0.5900000000000001], "D_mean": [1.2992254395559564, 1.2710402934825729, 1.2234355307850884, 1.1759686068316932, 1.1335543920334907, 1.1268573261483465], "D_lb": [1.122645606983311, 1.1206709875756624, 1.1180783855912075, 1.1182025939529978, 1.119753341715983, 1.1204669031930568], "D_ub": [1.3162237906475136, 1.316580589069473, 1.316610421003747, 1.3167968396469696, 1.3144381539793943, 1.1387021902581387]}}}