{"1.3": {"mean": [-4.582451157329922, -4.1462118462833875, -3.6805784217624837, -3.241350154664453, -2.794406294419575, -2.3219830756014117, -1.9019669428331778, -1.4567553390295183, -1.0033543934489508, -0.5372092480795455, -0.10942146793724367, 0.32619943840898097, 0.7679537621337157, 1.231254607521872, 1.66616850732476, 2.1069301287674187, 2.5401009229238203, 2.9708396868991787, 3.4125162579861548, 3.8660763252439954, 4.289397849217393], "lb": [-6.579392043084355, -6.10021881038825, -5.72962804042196, -5.23219197885706, -4.861510798846865, -4.373386971804172, -3.930287346626132, -3.514491554707379, -3.017145903186384, -2.5381534905780887, -2.167291490480084, -1.606749218269546, -1.2541500470403364, -0.8292228406871863, -0.3229265948196034, 0.12903321466111933, 0.5902148486201444, 0.9698466229769268, 1.4581512701074295, 1.9192424940225496, 2.362251709156685], "ub": [-2.564734043486129, -2.067840442184666, -1.6337818213971167, -1.0911407378797497, -0.6211893296619508, -0.2413767352173566, 0.18355047113579337, 0.6173378617916221, 1.0333144737981865, 1.56664332279334, 1.955496921628427, 2.4709245819304093, 2.8686383650681746, 3.384156435414064, 3.7817798085079226, 4.098305372219069, 4.586338789217852, 5.101676039475929, 5.499570642701507, 6.0238584873061685, 6.340384051017314], "Hufacs": [94.0, 94.5, 95.0, 95.5, 96.0, 96.5, 97.0, 97.5, 98.0, 98.5, 99.0, 99.5, 100.0, 100.49999999999999, 101.0, 101.50000000000001, 102.0, 102.49999999999999, 103.0, 103.50000000000001, 104.0]}, "1.5": {"mean": [-4.372092299975454, -3.8989385680025386, -3.440395099124659, -3.0055318289463577, -2.532989268870239, -2.046306577927391, -1.6096441478753816, -1.1067744426717954, -0.6368790886812135, -0.17748576539062783, 0.23807134401221575, 0.7639070085685312, 1.2020159993230195, 1.660973546201983, 2.1220231814969073, 2.576689867692143, 3.0531055940491485, 3.493791271054927, 3.9818011814422993, 4.439724437418992, 4.863809022162948], "lb": [-7.004680889613125, -6.534096611087988, -6.136292417906316, -5.575840555739681, -5.114658921780657, -4.626715914825774, -4.355395373067092, -3.6863610481706433, -3.2342204186021104, -2.7911207934240703, -2.2939559619908847, -1.9324061964150876, -1.507298169974128, -1.0010019241065449, -0.5580831190163147, -0.07881947627630448, 0.3008122980804778, 0.8162399583824582, 1.2772407722536736, 1.7384224062126987, 2.1271855950038785], "ub": [-1.6969784420866578, -1.1905917861751678, -0.7748864043003242, -0.37717262116255873, 0.16537805231090136, 0.5631822454925737, 1.0966015045316344, 1.629930353526788, 2.073120388748737, 2.479784766233088, 2.9771304177540854, 3.4382216416692057, 3.872099442368941, 4.505060159747327, 4.812454309024073, 5.327881969326056, 5.707513743682836, 6.1775555619445415, 6.738188244198986, 7.12686102294626, 7.633157268813843], "Hufacs": [94.0, 94.5, 95.0, 95.5, 96.0, 96.5, 97.0, 97.5, 98.0, 98.5, 99.0, 99.5, 100.0, 100.49999999999999, 101.0, 101.50000000000001, 102.0, 102.49999999999999, 103.0, 103.50000000000001, 104.0]}, "1.7": {"mean": [-4.180195173586371, -3.726553737289016, -3.2484636169188925, -2.772521639191949, -2.3139438144973856, -1.8294779778310861, -1.3914503561161125, -0.8590328403635183, -0.4417850631396528, -0.004880334169978275, 0.48252744532498765, 1.0076778017485037, 1.4454631245458125, 1.9020465036718328, 2.398618245217002, 2.876500422486145, 3.328597655233603, 3.762193376596358, 4.270234536311305, 4.718042716575915, 5.201870258332245], "lb": [-7.157925914031974, -6.615556060646326, -6.244874880636131, -5.828898268629568, -5.223150974466567, -4.725895732989477, -4.273935923508754, -3.8941233290641617, -3.2435326531243174, -2.9449082781063485, -2.4656446353663384, -1.869028755637735, -1.5707660207953855, -1.0914119680114704, -0.5489517045819172, -0.042745868758239165, 0.3822717476388157, 0.6987069013060551, 1.1862882680853186, 1.7474634106031912, 2.0909311673980033], "ub": [-1.3624612796384332, -0.774976814344231, -0.22338513648027844, 0.31898471690536784, 0.6535018793535923, 1.18701154843656, 1.548651724056262, 2.2448090621241885, 2.579326224572413, 3.022245029662641, 3.5828777119170865, 3.9987639138797437, 4.3604944995433526, 4.8395773221955505, 5.599202511084739, 5.915456844664165, 6.439835099312732, 6.747138838545572, 7.434255172223007, 7.787125573583936, 8.383651043268632], "Hufacs": [94.0, 94.5, 95.0, 95.5, 96.0, 96.5, 97.0, 97.5, 98.0, 98.5, 99.0, 99.5, 100.0, 100.49999999999999, 101.0, 101.50000000000001, 102.0, 102.49999999999999, 103.0, 103.50000000000001, 104.0]}, "1.9": {"mean": [-3.9775573339813834, -3.5189632354789167, -3.029159589820471, -2.5766989086965144, -2.100248826522826, -1.6140127611968678, -1.1435622895367097, -0.6291345643203177, -0.17693607232368586, 0.2882073297592531, 0.7788752954374306, 1.2376321320189259, 1.6928286210714447, 2.163289941936871, 2.6098450389929577, 3.094124630968813, 3.58877787138232, 4.085396626150319, 4.543026953584759, 5.004629898348382, 5.484034580756883], "lb": [-7.0585652757804604, -6.715007108941744, -6.208620453030256, -5.793005481199313, -5.349725035933463, -4.789182763722924, -4.301149346724136, -3.830926708374619, -3.3878270831965787, -3.026186907576877, -2.474685639756831, -2.023087470451728, -1.5706756107514808, -1.0282153473219275, -0.5852061321877923, -0.12411490827267214, 0.24656627173752252, 0.8703955746815087, 1.213863331476321, 1.8016190269022416, 2.154308608175356], "ub": [-0.9015508758111268, -0.3681316167720662, 0.18355047113579337, 0.6445512850070066, 1.223265976042437, 1.6932173842602358, 2.072939568660923, 2.678777272867831, 3.1760325143449215, 3.6641563413876126, 4.043968935832206, 4.676839243166685, 4.957291199359768, 5.391349820147318, 5.924497849054657, 6.340384051017314, 6.92804933639933, 7.389230970358358, 7.705575713981689, 8.555339716644083, 8.889947289136215], "Hufacs": [94.0, 94.5, 95.0, 95.5, 96.0, 96.5, 97.0, 97.5, 98.0, 98.5, 99.0, 99.5, 100.0, 100.49999999999999, 101.0, 101.50000000000001, 102.0, 102.49999999999999, 103.0, 103.50000000000001, 104.0]}}