{"1.3": {"mean": [-4.368626927214301, -3.923977738493889, -3.485918341419331, -3.0470015701484874, -2.610319853510705, -2.1804722462317017, -1.7484732857583258, -1.3314500962068716, -0.8597902270019067, -0.44942017072558366, -0.05488325956746696, 0.3951454432393997, 0.8400615716831937, 1.2471197656287476, 1.6923503400178808, 2.073153428628115, 2.5223473792491524, 2.9460101288694647, 3.3655217395710877, 3.779705866810304, 4.204897864337448], "lb": [-6.5824078216415405, -6.118769717344299, -5.677527403398572, -5.270331215189237, -4.783957990383641, -4.342828786490194, -3.946943603508895, -3.5623694257556333, -2.996819164353778, -2.6348669970565908, -2.2390949241275724, -1.707364568357548, -1.2776594797444183, -0.8477281710267279, -0.4744649985015034, -0.13524795171267057, 0.4756594406536135, 0.8261874926704834, 1.233383680879819, 1.6859370000535838, 2.138377209175068], "ub": [-2.1370696569706755, -1.6168765265332512, -1.2548112491837808, -0.6553279720978142, -0.2821779096248726, 0.09131148300491757, 0.6001936082143046, 0.8828556288629493, 1.4597168954928417, 1.8329800680180661, 2.1384903192273508, 2.7492846015413543, 3.145169784522653, 3.495697836539521, 4.016230297133793, 4.344136338694587, 4.819085448219862, 5.192348620745086, 5.6562129451468905, 6.063296023303944, 6.49334044207392], "Hufacs": [94.0, 94.5, 95.0, 95.5, 96.0, 96.5, 97.0, 97.5, 98.0, 98.5, 99.0, 99.5, 100.0, 100.49999999999999, 101.0, 101.50000000000001, 102.0, 102.49999999999999, 103.0, 103.50000000000001, 104.0]}, "1.5": {"mean": [-4.153204308244242, -3.7309486476742983, -3.2694754697777033, -2.795775095229601, -2.3439660401998412, -1.9132949917402373, -1.4312629307411622, -0.9702670772651907, -0.5353001090199782, -0.05881044058264145, 0.3866305185037334, 0.8020023012918945, 1.266674231466978, 1.7330247148179023, 2.169715480259868, 2.642879713160162, 3.1143472952762496, 3.5405075148509124, 4.0079710011162755, 4.450903179243071, 4.902282416074166], "lb": [-7.159382198323713, -6.62799117271053, -6.141278617748093, -5.790637455678944, -5.29295322564531, -4.908492157944329, -4.455938838770565, -3.9583677187892126, -3.585104546263988, -3.0081301695818152, -2.52175694477622, -2.2051619084434613, -1.718675573585585, -1.2775463696921379, -0.8703501814828021, -0.33873293576505814, 0.11370727335642611, 0.5774584877059474, 0.9054776393190235, 1.436981774984487, 1.8895350941582518], "ub": [-1.0511000450268302, -0.6667520873781342, -0.2594427891165156, 0.30610747228533974, 0.7133036604946756, 1.1430087491078027, 1.6067599634573242, 2.059426392683374, 2.590930528348835, 2.930260685189948, 3.4958109465918037, 4.050276422870188, 4.298779207730155, 4.785152432535751, 5.294373887901986, 5.7016831861636055, 6.221650096496464, 6.6740903056179475, 7.103908504283358, 7.69219388619357, 8.088192179227152], "Hufacs": [94.0, 94.5, 95.0, 95.5, 96.0, 96.5, 97.0, 97.5, 98.0, 98.5, 99.0, 99.5, 100.0, 100.49999999999999, 101.0, 101.50000000000001, 102.0, 102.49999999999999, 103.0, 103.50000000000001, 104.0]}, "1.7": {"mean": [-3.984378506411607, -3.56842760015577, -3.0634817047657372, -2.6063768370882108, -2.151088516850307, -1.6823740334067225, -1.2403286380898046, -0.7853773858076962, -0.29635059917560314, 0.1357773067573721, 0.6176012452602512, 1.0849086396534673, 1.5320394629209109, 2.0155374301975395, 2.4532326129037543, 2.920607873328339, 3.401578962037024, 3.837690604011314, 4.326516054750348, 4.7348885875034, 5.226360813465795], "lb": [-7.238446124867693, -6.865182952342469, -6.367498722308835, -5.9489915288714625, -5.406063277925682, -5.078157236364886, -4.4672498439986015, -4.139343802437806, -3.653083687684491, -3.1777952480023717, -2.714157143705131, -2.2276708088472548, -1.8092767254621624, -1.4585224533407317, -1.017506359499565, -0.2936020249051901, -0.09000393080052216, 0.4529243201452589, 0.8373853878462402, 1.312560717476079, 1.753689921369526], "ub": [-0.6553279720978142, -0.22550977343240425, 0.2608634513731913, 0.781282801915181, 1.2448077961601367, 1.6859370000535838, 2.172536444963745, 2.6587965597170578, 3.054681742698356, 3.586525208520666, 3.914205029976894, 4.491179406659069, 5.056729668060924, 5.486547866726334, 5.916252955339462, 6.4366723058814515, 6.900649740335538, 7.3753726297562485, 7.8617458545618435, 8.18976500617492, 8.721608471997229], "Hufacs": [94.0, 94.5, 95.0, 95.5, 96.0, 96.5, 97.0, 97.5, 98.0, 98.5, 99.0, 99.5, 100.0, 100.49999999999999, 101.0, 101.50000000000001, 102.0, 102.49999999999999, 103.0, 103.50000000000001, 104.0]}, "1.9": {"mean": [-3.82354053647101, -3.3760522854383606, -2.924851762489869, -2.435080711713771, -1.9651853593243802, -1.4525502425803278, -0.9864734855559222, -0.5389060574866764, -0.0889406963090867, 0.3508696443747713, 0.8242171155597593, 1.3174108765178614, 1.7564769530577142, 2.1961945434987027, 2.6851873971151115, 3.1044840987174016, 3.5997364626270065, 4.050032105157254, 4.5484854835463935, 4.988429294091943, 5.506048039739468], "lb": [-7.261181245376047, -6.9896040098508765, -6.39023384281719, -5.88112549750324, -5.496664429802259, -4.965047184084515, -4.478560849226639, -4.071364661017303, -3.6867904832640415, -3.132664337142504, -2.9289531329855554, -2.2733672699685243, -1.9562066833743643, -1.3567234062883977, -1.0060822442192474, -0.6217342865705465, -0.01105311430882311, 0.3399273779171682, 0.6113915033900588, 1.312560717476079, 1.8102449475097115], "ub": [-0.3726659514491695, 0.136555503917066, 0.7697455765825783, 1.2450340162647024, 1.7086721205619408, 2.0818221830348826, 2.568421627945044, 3.0432576274180367, 3.529743962275915, 4.186347815763481, 4.377956244326415, 4.966241626236627, 5.678948065655248, 5.904941950111424, 6.4366723058814515, 6.798511363126356, 7.239640567019803, 7.68076977091325, 8.20118912145524, 8.687562346260835, 9.275734618118765], "Hufacs": [94.0, 94.5, 95.0, 95.5, 96.0, 96.5, 97.0, 97.5, 98.0, 98.5, 99.0, 99.5, 100.0, 100.49999999999999, 101.0, 101.50000000000001, 102.0, 102.49999999999999, 103.0, 103.50000000000001, 104.0]}}