{"1.3": {"mean": [-4.8459112513571485, -4.416955327913308, -3.9651739370350043, -3.515923338683973, -3.0730496773205536, -2.6322818168896323, -2.1955339879099753, -1.7463387976170706, -1.3051117576406166, -0.8568210744242467, -0.42829308981231407, 0.013060091913490715, 0.4430658212245905, 0.8861749668350456, 1.3197792726871964, 1.753588411520185, 2.1857874747066743, 2.6109270207852355, 3.048992559487664, 3.473765763990424, 3.9198896384656146], "lb": [-5.748903742728257, -5.284728630252552, -4.788133909298909, -4.35628998818711, -3.9038743518774925, -3.472104111694053, -3.0344688696132405, -2.5953010642225625, -2.1355468074483936, -1.7022734763264313, -1.264652970431291, -0.8534691816313414, -0.38485847726842715, 0.0512589376881907, 0.4948623349660777, 0.9015515871361314, 1.3450960396713312, 1.7665362136988465, 2.221958031885509, 2.63751846782998, 3.078130419416494], "ub": [-3.9819466635666343, -3.555953008166534, -3.0963166408777423, -2.6261881093906325, -2.220987211973431, -1.7920610556246441, -1.3470429845222656, -0.8844004353564278, -0.4614866427617339, 0.03661116913043199, 0.4168047594626077, 0.8530105915332565, 1.2877722774080707, 1.7505032436879413, 2.1675962429422797, 2.6021810945890285, 3.0251096233693944, 3.4524590078512976, 3.8709519447444545, 4.338133239097206, 4.791978285416986], "Hufacs": [94.0, 94.5, 95.0, 95.5, 96.0, 96.5, 97.0, 97.5, 98.0, 98.5, 99.0, 99.5, 100.0, 100.49999999999999, 101.0, 101.50000000000001, 102.0, 102.49999999999999, 103.0, 103.50000000000001, 104.0]}, "1.5": {"mean": [-4.627744969723435, -4.156050276423129, -3.7127802116651387, -3.2263920676314903, -2.7714927945887493, -2.318485353062553, -1.8377794822239473, -1.3860470154820739, -0.9273829417239046, -0.4650949451853283, 0.006059224824536838, 0.4562874217330336, 0.9323516888087393, 1.373261311345823, 1.8461614246340818, 2.294008548661731, 2.752232894639454, 3.2082804112697407, 3.6788032830854265, 4.137875254462991, 4.59495400936659], "lb": [-5.815142897322953, -5.351056201961278, -4.886822144742885, -4.412331702296926, -3.955436265543085, -3.5664451723648507, -3.0093878815998543, -2.6321415284020366, -2.12374312272529, -1.7170538705552365, -1.205708227744132, -0.7165258081833992, -0.27436655710134755, 0.17069572255804666, 0.6378033359824384, 1.0533785081125813, 1.5558677033349402, 1.9684809021450533, 2.4297529860434164, 2.892454479951943, 3.3566295924276486], "ub": [-3.454229118474168, -2.954746105128856, -2.5362236958643547, -1.9924584445753126, -1.5431079348854297, -1.1288590194657446, -0.6456152827307453, -0.16234207362440184, 0.27532264082775393, 0.7218438028686557, 1.2302422085454023, 1.6561916553884868, 2.1674636172712307, 2.6376216211296843, 3.07232436226181, 3.555597571368154, 3.9682402425496113, 4.405919693187439, 4.91576224506002, 5.41692518357192, 5.802910094873107], "Hufacs": [94.0, 94.5, 95.0, 95.5, 96.0, 96.5, 97.0, 97.5, 98.0, 98.5, 99.0, 99.5, 100.0, 100.49999999999999, 101.0, 101.50000000000001, 102.0, 102.49999999999999, 103.0, 103.50000000000001, 104.0]}, "1.7": {"mean": [-4.423483752889624, -3.957182798268905, -3.4782252284984008, -3.0065620706354323, -2.53284763572695, -2.07327080262827, -1.6113562210346168, -1.137591093647424, -0.6670528961986398, -0.21378992921289455, 0.2423023854218343, 0.739731469208214, 1.1806755744197697, 1.662419167453383, 2.140596898278137, 2.5871952779319582, 3.064823054307441, 3.5256282958437217, 3.9788600221158426, 4.456200442870725, 4.921385573512375], "lb": [-5.828420200613235, -5.380440156190827, -4.872027014328408, -4.388739069036391, -3.8921590842684197, -3.4781017392624713, -3.038860252943434, -2.5453306586095232, -2.0736990361838923, -1.5755422795490395, -1.2484284300066506, -0.7297589029166663, -0.2979886627332265, 0.20455947723181953, 0.6952449877310748, 1.1756888491884363, 1.5514468476334031, 2.0878292699008787, 2.498968850143813, 2.9735035011467867, 3.490655201112576], "ub": [-3.015238147311554, -2.508342832573331, -2.0574155510165646, -1.6033199895403583, -1.0818505871727382, -0.6469415394412031, -0.16234207362440184, 0.2959533007682596, 0.7911333478974117, 1.253834841805938, 1.6575768568416331, 2.1955065786046477, 2.6625847196576946, 3.120894830236028, 3.6072184297764345, 4.127405783990612, 4.569461881772961, 4.97027139585997, 5.5229962480374635, 5.956136953488377, 6.387892457486145], "Hufacs": [94.0, 94.5, 95.0, 95.5, 96.0, 96.5, 97.0, 97.5, 98.0, 98.5, 99.0, 99.5, 100.0, 100.49999999999999, 101.0, 101.50000000000001, 102.0, 102.49999999999999, 103.0, 103.50000000000001, 104.0]}, "1.9": {"mean": [-4.213845007180462, -3.727463052344796, -3.2909922636557685, -2.8111956154731126, -2.3000889935936044, -1.8599509577382953, -1.385822436012436, -0.9101970125460365, -0.4255368336442624, 0.03674585786747183, 0.4962717037637277, 0.9922177378240985, 1.4592219032250744, 1.9056841205232882, 2.3720802709034463, 2.870901334788383, 3.3293340504315054, 3.7917010329252823, 4.2672321448033825, 4.748776504606713, 5.214089250616281], "lb": [-5.8372619120163085, -5.322954295885174, -4.872056486699751, -4.4330802517228065, -3.973311258762966, -3.4794722045299475, -2.9461696450678767, -2.539406711969464, -2.0810229204627717, -1.6271484017716473, -1.210188028188356, -0.669370014033672, -0.19921201017521978, 0.22813737430668313, 0.7350768976019225, 1.1874483253545245, 1.6663743596876917, 2.133481973112083, 2.610978597435087, 2.9749623835282937, 3.476022168740489], "ub": [-2.6247144908234534, -2.119248586095393, -1.6771482797560282, -1.1923719797111614, -0.7385269333913813, -0.2610745176253932, 0.25618033564009934, 0.6923714315250762, 1.152214105413277, 1.6531707373257682, 2.174875918664142, 2.6316976744896245, 3.0737242999006287, 3.6130981678594782, 4.112699070690167, 4.514923258601667, 4.98359290770727, 5.52586980424346, 5.959098926808407, 6.4705624591048885, 6.943623491540683], "Hufacs": [94.0, 94.5, 95.0, 95.5, 96.0, 96.5, 97.0, 97.5, 98.0, 98.5, 99.0, 99.5, 100.0, 100.49999999999999, 101.0, 101.50000000000001, 102.0, 102.49999999999999, 103.0, 103.50000000000001, 104.0]}}