{"EB": {"England": {"R0": [1.3, 1.31, 1.32, 1.33, 1.34, 1.35, 1.36, 1.37, 1.3800000000000001, 1.3900000000000001, 1.4000000000000001, 1.4100000000000001, 1.4200000000000002, 1.4300000000000002, 1.4400000000000002, 1.4500000000000002, 1.4600000000000002, 1.4700000000000002, 1.4800000000000002, 1.4900000000000002, 1.5000000000000002, 1.5100000000000002, 1.5200000000000002, 1.5300000000000002, 1.5400000000000003, 1.5500000000000003, 1.5600000000000003, 1.5700000000000003, 1.5800000000000003, 1.5900000000000003, 1.6000000000000003, 1.6100000000000003, 1.6200000000000003, 1.6300000000000003, 1.6400000000000003, 1.6500000000000004, 1.6600000000000004, 1.6700000000000004, 1.6800000000000004, 1.6900000000000004, 1.7000000000000004, 1.7100000000000004, 1.7200000000000004, 1.7300000000000004, 1.7400000000000004, 1.7500000000000004, 1.7600000000000005, 1.7700000000000005, 1.7800000000000005, 1.7900000000000005, 1.8000000000000005, 1.8100000000000005, 1.8200000000000005, 1.8300000000000005, 1.8400000000000005, 1.8500000000000005, 1.8600000000000005, 1.8700000000000006, 1.8800000000000006, 1.8900000000000006, 1.9000000000000006, 1.9100000000000006, 1.9200000000000006, 1.9300000000000006, 1.9400000000000006, 1.9500000000000006, 1.9600000000000006, 1.9700000000000006, 1.9800000000000006, 1.9900000000000007, 2.000000000000001], "D": [1.1216874303788917, 1.1469186006020846, 1.1716259499884691, 1.1958231210584334, 1.2195221293090577, 1.2427351655131371, 1.2654753550503965, 1.287753363075201, 1.3095818675277568, 1.3309717913493082, 1.351932911523723, 1.3724765774792174, 1.3926130868755449, 1.4123523326472496, 1.4317025979172906, 1.4506754369451331, 1.4692790887077223, 1.4875239168552912, 1.5054155763757011, 1.5229641743797475, 1.5401773480763572, 1.5570636948571959, 1.5736308089217868, 1.589885756577991, 1.6058352669806875, 1.621488495314468, 1.6368494721669653, 1.6519269164562511, 1.666727015564074, 1.6812560091650708, 1.6955193397376156, 1.709523924960113, 1.7232740626940255, 1.7367778705725818, 1.750038917605443, 1.7630634032429078, 1.775856259907032, 1.7884224541293867, 1.8007664831766144, 1.812894497440926, 1.8248104813910635, 1.8365176342930298, 1.8480224433909735, 1.8593283921135701, 1.87043972438516, 1.8813605007783847, 1.8920955336007304, 1.902646823745782, 1.913019822965653, 1.9232185458049864, 1.9332447662989614, 1.943102301470108, 1.9527961791744077, 1.9623289165903912, 1.9717037510904458, 1.9809241413530967, 1.989992630806881, 1.9989121242484904, 2.007686313618811, 2.0163182756151774, 2.0248098584302734, 2.033164117352376, 2.041384283110727, 2.049472034063849, 2.0574312896815012, 2.0652620020418615, 2.07297037228617, 2.0805558411063334, 2.088021531910283, 2.0953697574455505, 2.102603395855216]}, "NW": {"R0": [1.3, 1.31, 1.32, 1.33, 1.34, 1.35, 1.36, 1.37, 1.3800000000000001, 1.3900000000000001, 1.4000000000000001, 1.4100000000000001, 1.4200000000000002, 1.4300000000000002, 1.4400000000000002, 1.4500000000000002, 1.4600000000000002, 1.4700000000000002, 1.4800000000000002, 1.4900000000000002, 1.5000000000000002, 1.5100000000000002, 1.5200000000000002, 1.5300000000000002, 1.5400000000000003, 1.5500000000000003, 1.5600000000000003, 1.5700000000000003, 1.5800000000000003, 1.5900000000000003, 1.6000000000000003, 1.6100000000000003, 1.6200000000000003, 1.6300000000000003, 1.6400000000000003, 1.6500000000000004, 1.6600000000000004, 1.6700000000000004, 1.6800000000000004, 1.6900000000000004, 1.7000000000000004, 1.7100000000000004, 1.7200000000000004, 1.7300000000000004, 1.7400000000000004, 1.7500000000000004, 1.7600000000000005, 1.7700000000000005, 1.7800000000000005, 1.7900000000000005, 1.8000000000000005, 1.8100000000000005, 1.8200000000000005, 1.8300000000000005, 1.8400000000000005, 1.8500000000000005, 1.8600000000000005, 1.8700000000000006, 1.8800000000000006, 1.8900000000000006, 1.9000000000000006, 1.9100000000000006, 1.9200000000000006, 1.9300000000000006, 1.9400000000000006, 1.9500000000000006, 1.9600000000000006, 1.9700000000000006, 1.9800000000000006, 1.9900000000000007, 2.000000000000001], "D": [1.1784959570985891, 1.2050048924365837, 1.2309633477062425, 1.2563857928157658, 1.28128530360573, 1.3056744763709838, 1.3295662491966356, 1.3529731819550872, 1.3759066579909838, 1.3983798234822267, 1.420403243114128, 1.4419873161046668, 1.4631433352676242, 1.4838816177989218, 1.504213011560576, 1.5241470106541848, 1.5436928007806547, 1.5628611803396018, 1.5816591214801339, 1.6000969561830125, 1.6181819112123832, 1.6359235488237824, 1.6533295324829715, 1.6704078010841705, 1.6871651991739975, 1.703610703582613, 1.71975097146354, 1.7355915796831245, 1.7511411435810307, 1.7664055297328927, 1.7813914749906048, 1.7961055125243888, 1.8105529870538855, 1.8247396902153667, 1.8386723731234196, 1.8523564966343433, 1.8657972901217688, 1.8789999850906203, 1.8919693614849817, 1.9047104719391594, 1.917230191145312, 1.9295318630853115, 1.9416181786664262, 1.953497079898794, 1.965171170157747, 1.9766448738365243, 1.9879232226116905, 1.9990094004884984, 2.0099079407912837, 2.020622254865567, 2.031157245691642, 2.0415139890386, 2.0516989178038485, 2.0617142851814507, 2.0715643839626594, 2.0812513035221247, 2.090778566388923, 2.100151000735453, 2.10936931809639, 2.1184383940394977, 2.1273596730411044, 2.136137021514787, 2.1447733678735856, 2.153271207443164, 2.1616334123757137, 2.1698606101316726, 2.177959457505425, 2.185928975680982, 2.1937729822652163, 2.2014933752386057, 2.2090930440479912]}, "SE": {"R0": [1.3, 1.31, 1.32, 1.33, 1.34, 1.35, 1.36, 1.37, 1.3800000000000001, 1.3900000000000001, 1.4000000000000001, 1.4100000000000001, 1.4200000000000002, 1.4300000000000002, 1.4400000000000002, 1.4500000000000002, 1.4600000000000002, 1.4700000000000002, 1.4800000000000002, 1.4900000000000002, 1.5000000000000002, 1.5100000000000002, 1.5200000000000002, 1.5300000000000002, 1.5400000000000003, 1.5500000000000003, 1.5600000000000003, 1.5700000000000003, 1.5800000000000003, 1.5900000000000003, 1.6000000000000003, 1.6100000000000003, 1.6200000000000003, 1.6300000000000003, 1.6400000000000003, 1.6500000000000004, 1.6600000000000004, 1.6700000000000004, 1.6800000000000004, 1.6900000000000004, 1.7000000000000004, 1.7100000000000004, 1.7200000000000004, 1.7300000000000004, 1.7400000000000004, 1.7500000000000004, 1.7600000000000005, 1.7700000000000005, 1.7800000000000005, 1.7900000000000005, 1.8000000000000005, 1.8100000000000005, 1.8200000000000005, 1.8300000000000005, 1.8400000000000005, 1.8500000000000005, 1.8600000000000005, 1.8700000000000006, 1.8800000000000006, 1.8900000000000006, 1.9000000000000006, 1.9100000000000006, 1.9200000000000006, 1.9300000000000006, 1.9400000000000006, 1.9500000000000006, 1.9600000000000006, 1.9700000000000006, 1.9800000000000006, 1.9900000000000007, 2.000000000000001],