{"params": [0.16492358978691166, 0.22581915788215678, 0.9401234488501574, 0.2145066414796447, 0.1639257259244271, 0.07628360485411545, 0.7232467533269702, 0.0013255524089423366], "initial_conditions": [55136384.55, 503993.89172780066, 13860.130378287158, 2323.374584733737, 3196.5351057952007, 0.0, 0.0, 0.0, 0.0], "population_size": 56550138}