{"1.3": {"mean": [0.0, 0.0, 0.0, 0.11706895218436751, 0.20597216202421095, 0.39499612418839786, 0.2990191655430301, 0.40482346645555, 0.4610745631996155, 0.5614715349630213, 0.6732534953998768, 0.8679565070427551, 1.0850776112157081, 1.3714433955373402, 1.7158338273369254, 2.122504003843752, 2.5716365229229723, 2.982180190514539, 3.4355744355836673, 3.8483197926210675, 4.308557545721725], "lb": [0.0, 0.0, 0.0, 0.06728315467405518, 0.0030016134576531317, 0.032023237551134225, 0.011590567628621058, 0.0025495632381285042, 0.0025495632381285042, 0.00499063442356149, 0.011590567628621058, 0.011590567628621058, 0.029672576409606164, 0.05679558958108382, 0.12912362470502425, 0.3068697710221079, 0.5811738442296519, 0.99633676584107, 1.3948642393739816, 1.8921194808510722, 2.298874268379332], "ub": [0.0, 0.0, 0.0, 0.1470248133981995, 0.7348709188680254, 1.0003148077728865, 0.9473345220445986, 1.4711703164297352, 1.6673601117034271, 1.9915705291464902, 2.2781703683251027, 2.620101154373532, 2.957511438226716, 3.2663521482059403, 3.7274433721210602, 4.188715416123994, 4.749076868246719, 5.119758048256913, 5.607972285343512, 5.879202417058288, 6.421662680487841], "Hufacs": [94.0, 94.5, 95.0, 95.5, 96.0, 96.5, 97.0, 97.5, 98.0, 98.5, 99.0, 99.5, 100.0, 100.49999999999999, 101.0, 101.50000000000001, 102.0, 102.49999999999999, 103.0, 103.50000000000001, 104.0]}, "1.5": {"mean": [0.038713580800098714, 0.20145165982896468, 0.18939698730830792, 0.3587651362235351, 0.3577159332448853, 0.5151745121790562, 0.5679978068233527, 0.5882081085665286, 0.7382405152709882, 0.8669253713810636, 1.0306641320262153, 1.2389982059702014, 1.5148671072524234, 1.8425709998702786, 2.2131395685771134, 2.6333683937408785, 3.0560230500827945, 3.482035884757174, 3.9760384452437996, 4.421219309632531, 4.895703877451727], "lb": [0.038713580800098714, 0.20145165982896468, 0.11176489627527854, 0.04992442624430948, 0.0025495632381285042, 0.011590567628621058, 0.0025495632381285042, 0.0025495632381285042, 0.0025495632381285042, 0.011590567628621058, 0.029672576409606164, 0.02063157201911361, 0.029672576409606164, 0.08391860275256148, 0.1562466378765019, 0.26835509231860954, 0.5249387969207883, 0.8704859847254136, 1.3587002218120114, 1.6569629566543607, 2.2537596564707743], "ub": [0.038713580800098714, 0.20145165982896468, 0.306688950934298, 1.6284837928243077, 1.277331182297579, 1.676762756269538, 2.2922743351742714, 1.9790939430876096, 2.705809875995402, 2.9318349857577157, 3.054069365117175, 3.65511533699712, 4.061960534569285, 4.396929747237036, 4.83587051039545, 5.3277011492382425, 5.796748457017005, 6.143018925172862, 6.611523772688184, 7.144943031727244, 7.714526308328275], "Hufacs": [94.0, 94.5, 95.0, 95.5, 96.0, 96.5, 97.0, 97.5, 98.0, 98.5, 99.0, 99.5, 100.0, 100.49999999999999, 101.0, 101.50000000000001, 102.0, 102.49999999999999, 103.0, 103.50000000000001, 104.0]}, "1.7": {"mean": [1.0784290857067422, 0.2978890399942185, 0.46263623110986063, 0.44985325545774757, 0.4891384512208176, 0.582445596765399, 0.6979311938287642, 0.7409919816491483, 0.880153164166926, 1.0451763985983848, 1.2757751473643353, 1.5305705103972336, 1.7522590738016264, 2.095091783816929, 2.506508000717587, 2.882451409961016, 3.369417779141983, 3.8190645557811402, 4.291595893282565, 4.7298970619732295, 5.204116043822843], "lb": [0.9278059525611364, 0.07849400011826596, 0.009601546662712696, 0.01683435017510674, 0.0025495632381285042, 0.0025495632381285042, 0.0025495632381285042, 0.0025495632381285042, 0.018461730965395412, 0.011590567628621058, 0.02063157201911361, 0.038713580800098714, 0.05679558958108382, 0.07487759836206893, 0.1562466378765019, 0.30090270812438275, 0.5783711328685992, 0.8963432572822223, 1.286372186688071, 1.8103888011610194, 2.190291805649516], "ub": [1.2290522188523483, 0.7647062333566508, 2.287211372715596, 1.7245896694952392, 2.0686902965973903, 1.9798172234388534, 2.5566333035522746, 2.7504724376844356, 3.0085027029890927, 3.4396682023716787, 3.860526956749105, 4.312396356185927, 4.432641714579479, 4.9027739428850925, 5.454275210705138, 5.946105849547929, 6.394539667316363, 6.873712900012468, 7.3533381829281, 7.705666124025589, 8.184839356721701], "Hufacs": [94.0, 94.5, 95.0, 95.5, 96.0, 96.5, 97.0, 97.5, 98.0, 98.5, 99.0, 99.5, 100.0, 100.49999999999999, 101.0, 101.50000000000001, 102.0, 102.49999999999999, 103.0, 103.50000000000001, 104.0]}, "1.9": {"mean": [0.14991793480315713, 0.476072168190176, 0.5199467891801137, 0.5336408989910144, 0.5769208273714025, 0.6985863545808485, 0.7820761630307739, 0.8991734600986317, 1.0564753312553117, 1.2356552445538793, 1.445382699890964, 1.7163579181971285, 1.9875120954705232, 2.3696279230300252, 2.7283205106182504, 3.162767755526288, 3.646474055469551, 4.069116863761118, 4.510874706561783, 5.003993765394134, 5.4660719132338516], "lb": [0.038713580800098714, 0.03175200741941945, 0.0025495632381285042, 0.0025495632381285042, 0.00589473486261075, 0.0025495632381285042, 0.0025495632381285042, 0.02063157201911361, 0.02063157201911361, 0.02063157201911361, 0.029672576409606164, 0.04775458519059127, 0.05679558958108382, 0.12912362470502425, 0.18065734973083183, 0.2591332678403072, 0.5156265623985808, 0.9055650817605247, 1.2048223270858283, 1.6932173842602358, 2.118054180569481], "ub": [0.5148128720034366, 1.6518999941956847, 2.0937338787590556, 2.263343121124697, 1.8596622750892036, 2.5526552616204574, 2.723168604425151, 3.0956579853134394, 3.392926209672836, 3.85184759253424, 4.401450249432282, 4.7176141729678, 5.155922065818884, 5.499480232657601, 5.884627019692586, 6.457826698049811, 7.036450979041334, 7.389050150270544, 7.823380001189797, 8.410864466484009, 8.880906284745722], "Hufacs": [94.0, 94.5, 95.0, 95.5, 96.0, 96.5, 97.0, 97.5, 98.0, 98.5, 99.0, 99.5, 100.0, 100.49999999999999, 101.0, 101.50000000000001, 102.0, 102.49999999999999, 103.0, 103.50000000000001, 104.0]}}