{"1.3": {"mean": [0.0, 0.0, 0.27771684916296413, 0.223585609857358, 0.3041700065511155, 0.3489761820995979, 0.3799348223348551, 0.43709036917861144, 0.5578037140473627, 0.655058751453741, 0.7461169990221879, 0.9375358455285243, 1.1541952710366818, 1.4218851716171519, 1.7416842659540561, 2.1375679739586726, 2.5306304388129877, 2.9660140572878984, 3.364131319037085, 3.791053067255071, 4.20520552367965], "lb": [0.0, 0.0, 0.10590267974908049, 0.0691419127579599, 0.0005972210760550413, 0.0005972210760550413, 0.0005972210760550413, 0.0005972210760550413, 0.0005972210760550413, 0.0005972210760550413, 0.0005972210760550413, 0.011908226304092146, 0.011908226304092146, 0.03453023676016636, 0.07977425767231479, 0.21550632040876005, 0.44172642496950215, 0.8376116079508009, 1.1090757334236914, 1.6971348952293406, 2.1157551987189938], "ub": [0.0, 0.0, 0.4495310185768478, 0.3958037437436715, 1.199563775247988, 1.2669773664070891, 1.5864001540468566, 1.689895851883397, 2.188711182439835, 2.1191485002874044, 2.5631054554878583, 2.955597336900749, 3.1453960046272087, 3.606319467669721, 4.052651733968066, 4.377956244326415, 4.796463437763788, 5.273787858386962, 5.656326055199163, 6.006740997163758, 6.414050295425377], "Hufacs": [94.0, 94.5, 95.0, 95.5, 96.0, 96.5, 97.0, 97.5, 98.0, 98.5, 99.0, 99.5, 100.0, 100.49999999999999, 101.0, 101.50000000000001, 102.0, 102.49999999999999, 103.0, 103.50000000000001, 104.0]}, "1.5": {"mean": [0.3964824040573538, 0.412934775298135, 0.5043719923863231, 0.4943523650831064, 0.5710960472651766, 0.5980125581480316, 0.6758930714468256, 0.7553107738818161, 0.894360647902788, 1.0044383088590192, 1.249240089088257, 1.406030137236922, 1.6470757728785619, 1.9888946097567617, 2.330041586690122, 2.714413715007083, 3.1426216505672175, 3.585575637608434, 3.9889999583778364, 4.470617302964584, 4.901988329938238], "lb": [0.11936277597044466, 0.042447940419792336, 0.02604698283913853, 0.0005972210760550413, 0.0005972210760550413, 0.0005972210760550413, 0.0005972210760550413, 0.0005972210760550413, 0.011908226304092146, 0.011229565990409935, 0.023219231532129254, 0.023219231532129254, 0.03453023676016636, 0.07977425767231479, 0.1250182785844632, 0.21494077014735824, 0.4077934092853909, 0.6436278682899645, 1.026844725415862, 1.4144728745806934, 1.957288015474194], "ub": [0.6736020321442628, 1.4461436892191974, 1.5473771860101293, 2.084763044394173, 2.394910807746948, 2.2560116635466536, 2.4092757843865575, 2.714446705438999, 3.061355235782895, 3.4325824273670698, 3.7819793788611396, 4.08387010839745, 4.479755291378749, 4.981285263189916, 5.247093886048788, 5.839338119788818, 6.2306989006788855, 6.698408966858223, 7.094633479996371, 7.624214744773065, 8.12201208485898], "Hufacs": [94.0, 94.5, 95.0, 95.5, 96.0, 96.5, 97.0, 97.5, 98.0, 98.5, 99.0, 99.5, 100.0, 100.49999999999999, 101.0, 101.50000000000001, 102.0, 102.49999999999999, 103.0, 103.50000000000001, 104.0]}, "1.7": {"mean": [0.2777168491629642, 0.4872532210123516, 0.4075448157638955, 0.5374970791255747, 0.6107614473959241, 0.6860363906312488, 0.8299041088131118, 0.9223394824668822, 1.0342033963078046, 1.2058024077752036, 1.385406459877848, 1.6466645373998636, 1.9166538019353168, 2.254043113598313, 2.649176232152274, 2.993001405744037, 3.4330112476704984, 3.8347963687001965, 4.348592485110348, 4.7775528862804375, 5.196721455366246], "lb": [0.004442962853587657, 0.0005972210760550413, 0.0005972210760550413, 0.0005972210760550413, 0.009193585049363243, 0.0005972210760550413, 0.0005972210760550413, 0.0005972210760550413, 0.011908226304092146, 0.023219231532129254, 0.023219231532129254, 0.03453023676016636, 0.04584124198820347, 0.07977425767231479, 0.1250182785844632, 0.22534689495715238, 0.3059943622330569, 0.5435254720218361, 1.1081708530054484, 1.4251052194950482, 1.7764250418778806], "ub": [0.9553591723746667, 1.5640043636953438, 1.4325704829455521, 2.156587927592207, 2.2315798922540937, 2.683228331009615, 3.314721752890927, 3.066332078083227, 3.501014008996691, 3.9707600561170793, 4.140425134537636, 4.549657303688017, 4.909573490044159, 5.458157243603959, 5.938874965795535, 6.217691244666656, 6.895672898035196, 7.318817603616063, 7.786188339638552, 8.30287505845529, 8.61958320484033], "Hufacs": [94.0, 94.5, 95.0, 95.5, 96.0, 96.5, 97.0, 97.5, 98.0, 98.5, 99.0, 99.5, 100.0, 100.49999999999999, 101.0, 101.50000000000001, 102.0, 102.49999999999999, 103.0, 103.50000000000001, 104.0]}, "1.9": {"mean": [0.40584323597021205, 0.4520834899975843, 0.6651377564199262, 0.6586953559252043, 0.7955684068737375, 0.8454600605580104, 0.9490866571057923, 1.0682201002460736, 1.2066572810863905, 1.4057637865962387, 1.6384504438929155, 1.8727257629931902, 2.132875959325448, 2.4736370714836555, 2.8746983669307826, 3.258548698887996, 3.649699586862584, 4.1002410608999265, 4.522749346707676, 4.996338722024494, 5.43857110695109], "lb": [0.016432628395306993, 0.0005972210760550413, 0.0005972210760550413, 0.011908226304092146, 0.0030856422262232016, 0.0005972210760550413, 0.011908226304092146, 0.011908226304092146, 0.011908226304092146, 0.023219231532129254, 0.023219231532129254, 0.040977509740147515, 0.05715224721624057, 0.10239626812838899, 0.1573677535366493, 0.2251206748525916, 0.4530374301975393, 0.7442958148194947, 0.9610146749886858, 1.3692288536685449, 1.810358057561992], "ub": [1.501793834941139, 1.3794087583737777, 2.2704897502385455, 2.3492143466256796, 3.0484606898229316, 3.220614189393658, 3.2395035681244795, 3.7477070330201796, 4.022451350009211, 4.329432031898136, 4.661296925288742, 5.1471045998329386, 5.465396286949907, 6.063296023303944, 6.47049221151328, 6.890696055734854, 7.3301286088441, 7.7486358022814725, 8.361466065536527, 8.699099571593429, 9.1856990165036], "Hufacs": [94.0, 94.5, 95.0, 95.5, 96.0, 96.5, 97.0, 97.5, 98.0, 98.5, 99.0, 99.5, 100.0, 100.49999999999999, 101.0, 101.50000000000001, 102.0, 102.49999999999999, 103.0, 103.50000000000001, 104.0]}}