{"1.3": {"mean": [0.0, 0.0, 0.0, 0.0, 0.0, 0.0, 0.0, 0.0, 0.06754242285551837, 0.11313528822187394, 0.18826163192183562, 0.287471950237509, 0.5211241497924497, 0.8935863109691313, 1.3209431366315545, 1.7595332835438988, 2.1883117833122516, 2.624137421792568, 3.048768274741739, 3.4928992274666757, 3.918470249061708], "lb": [0.0, 0.0, 0.0, 0.0, 0.0, 0.0, 0.0, 0.0, 0.06754242285551837, 0.012488033185711839, 0.004176824466822416, 0.004176824466822416, 0.014831086707526416, 0.10831744860936063, 0.4816292402328105, 0.9295798122838755, 1.3525230772499135, 1.7872258183820393, 2.2057040190895245, 2.6566902453889787, 3.081077656550852], "ub": [0.0, 0.0, 0.0, 0.0, 0.0, 0.0, 0.0, 0.0, 0.06754242285551837, 0.4280484691301829, 0.6539247231073765, 0.9838679202987493, 1.3507252625979542, 1.7361649350292876, 2.1969654609861546, 2.6169172802608185, 3.0265979781222456, 3.49817065580519, 3.918137211265526, 4.3336976472099975, 4.7330482789155], "Hufacs": [94.0, 94.5, 95.0, 95.5, 96.0, 96.5, 97.0, 97.5, 98.0, 98.5, 99.0, 99.5, 100.0, 100.49999999999999, 101.0, 101.50000000000001, 102.0, 102.49999999999999, 103.0, 103.50000000000001, 104.0]}, "1.5": {"mean": [0.0, 0.0, 0.0, 0.0, 0.0, 0.0, 0.20164171246880516, 0.1551174691335832, 0.2148180572104427, 0.29508411557948283, 0.42769143789330355, 0.6279212550428238, 0.9728947855167804, 1.383835933084284, 1.8401896864033385, 2.3060253186296484, 2.757780184373743, 3.2004422341109158, 3.67808297832979, 4.136045314926268, 4.593224275892434], "lb": [0.0, 0.0, 0.0, 0.0, 0.0, 0.0, 0.20164171246880516, 0.025396931834199665, 0.005458872620268125, 0.005650443034001392, 0.007124061601180367, 0.011544917302717294, 0.04838538148219169, 0.22491014964456119, 0.6391295926928995, 1.091663118487891, 1.5308309238785693, 2.0126747229747513, 2.4282646312905656, 2.868891319062751, 3.437693349808164], "ub": [0.0, 0.0, 0.0, 0.0, 0.0, 0.0, 0.20164171246880516, 0.6519795465987003, 0.7478973791363795, 1.0064732291192744, 1.3538345977747015, 1.6901732995476317, 2.2393909395352383, 2.621632859675791, 3.0295599514422746, 3.523177962890216, 4.030117486185455, 4.4251356793034535, 4.917221127441527, 5.341667483346088, 5.867705103271966], "Hufacs": [94.0, 94.5, 95.0, 95.5, 96.0, 96.5, 97.0, 97.5, 98.0, 98.5, 99.0, 99.5, 100.0, 100.49999999999999, 101.0, 101.50000000000001, 102.0, 102.49999999999999, 103.0, 103.50000000000001, 104.0]}, "1.7": {"mean": [0.0, 0.0, 0.0, 0.0, 0.0, 0.0, 0.17305351226553303, 0.2394772489797251, 0.32291161949588676, 0.41436779688673403, 0.623231719197198, 0.8854305045477515, 1.2498315427036315, 1.6489057811827417, 2.1238814763773735, 2.603777907668423, 3.0685327416884567, 3.514752696094227, 3.985185382453601, 4.446687350848444, 4.920270044257021], "lb": [0.0, 0.0, 0.0, 0.0, 0.0, 0.0, 0.02255284799954424, 0.002600052599940912, 0.004176824466822416, 0.007124061601180367, 0.011765960087794139, 0.032971331269499596, 0.08080498996012915, 0.28095186375437764, 0.7305823609720267, 1.1447133869063342, 1.5720922437595808, 2.039229329555316, 2.5077958253612147, 3.0427635738041983, 3.4376638774368207], "ub": [0.0, 0.0, 0.0, 0.0, 0.0, 0.0, 0.5299639292362808, 0.8838681643299835, 1.1850757994613639, 1.3248927291153072, 1.7958759593713798, 2.159285034223387, 2.6682434149556618, 3.0973021969754924, 3.5705990083820294, 4.071526167923189, 4.528259506634638, 5.041108240384266, 5.461074795844602, 5.945836359703796, 6.445407790163141], "Hufacs": [94.0, 94.5, 95.0, 95.5, 96.0, 96.5, 97.0, 97.5, 98.0, 98.5, 99.0, 99.5, 100.0, 100.49999999999999, 101.0, 101.50000000000001, 102.0, 102.49999999999999, 103.0, 103.50000000000001, 104.0]}, "1.9": {"mean": [0.0, 0.0, 0.0, 0.0, 0.07638413425859222, 0.25521208155801733, 0.24256811903909398, 0.32554297508236085, 0.4185025806587796, 0.5999399992521877, 0.8307216189718634, 1.1248689773623757, 1.5055012963883185, 1.9133299335992162, 2.398111603814199, 2.846648520409752, 3.341965024618224, 3.7835828682386934, 4.252794808977017, 4.75919940873237, 5.210303229793485], "lb": [0.0, 0.0, 0.0, 0.0, 0.03305974838353034, 0.015435270320069791, 0.0016864090882899472, 0.0027326782709870203, 0.008597680168359342, 0.010557592862707384, 0.014492154437075246, 0.033722876738760885, 0.11189834172760554, 0.31989960248491794, 0.8175848011782734, 1.1653735192181836, 1.6516823825729172, 2.1772779169286425, 2.6139258345694447, 3.0545230499702867, 3.529028228601917], "ub": [0.0, 0.0, 0.0, 0.0, 0.11970852013365411, 0.9121026960771328, 0.9583301105295372, 1.1238616841807518, 1.4593751595560613, 1.910081398327751, 2.221088596930873, 2.6710580264189723, 3.0725454050468866, 3.51802029790509, 4.06261077559175, 4.541536809924922, 4.98649593628461, 5.461015851101913, 6.035712356116042, 6.427724367356993, 6.847690922817329], "Hufacs": [94.0, 94.5, 95.0, 95.5, 96.0, 96.5, 97.0, 97.5, 98.0, 98.5, 99.0, 99.5, 100.0, 100.49999999999999, 101.0, 101.50000000000001, 102.0, 102.49999999999999, 103.0, 103.50000000000001, 104.0]}}