{"params": [0.18014088978965262, 0.22581915788215678, 0.9401234488501574, 0.2145066414796447, 0.16012938231821755, 0.07532819148850033, 0.8080532842579453, 0.001012956277818259], "initial_conditions": [7183269.6, 78196.70975559471, 1873.8721171164116, 118.82256436881991, 209.11146840181476, 0.0, 0.0, 0.0, 0.0], "population_size": 7367456}