{"1.3": {"num": [0.0, 0.0, 0.0, 0.0, 0.0, 0.0, 0.0, 0.0, 0.04, 0.8200000000000001, 12.1, 50.660000000000004, 89.64, 99.02, 99.98, 100.0, 100.0, 100.0, 100.0, 100.0, 100.0], "Hufacs": [94.0, 94.5, 95.0, 95.5, 96.0, 96.5, 97.0, 97.5, 98.0, 98.5, 99.0, 99.5, 100.0, 100.49999999999999, 101.0, 101.50000000000001, 102.0, 102.49999999999999, 103.0, 103.50000000000001, 104.0]}, "1.5": {"num": [0.0, 0.0, 0.0, 0.0, 0.0, 0.0, 0.04, 0.45999999999999996, 4.08, 18.6, 50.080000000000005, 80.36, 96.41999999999999, 99.7, 100.0, 100.0, 100.0, 100.0, 100.0, 100.0, 100.0], "Hufacs": [94.0, 94.5, 95.0, 95.5, 96.0, 96.5, 97.0, 97.5, 98.0, 98.5, 99.0, 99.5, 100.0, 100.49999999999999, 101.0, 101.50000000000001, 102.0, 102.49999999999999, 103.0, 103.50000000000001, 104.0]}, "1.7": {"num": [0.0, 0.0, 0.0, 0.0, 0.0, 0.02, 0.4, 3.52, 14.899999999999999, 38.82, 65.0, 86.88, 97.38, 99.66000000000001, 99.94, 99.98, 100.0, 100.0, 100.0, 100.0, 100.0], "Hufacs": [94.0, 94.5, 95.0, 95.5, 96.0, 96.5, 97.0, 97.5, 98.0, 98.5, 99.0, 99.5, 100.0, 100.49999999999999, 101.0, 101.50000000000001, 102.0, 102.49999999999999, 103.0, 103.50000000000001, 104.0]}, "1.9": {"num": [0.0, 0.0, 0.0, 0.0, 0.02, 0.32, 3.36, 11.700000000000001, 29.42, 50.88, 72.5, 91.28, 97.94, 99.7, 99.98, 100.0, 100.0, 100.0, 100.0, 100.0, 100.0], "Hufacs": [94.0, 94.5, 95.0, 95.5, 96.0, 96.5, 97.0, 97.5, 98.0, 98.5, 99.0, 99.5, 100.0, 100.49999999999999, 101.0, 101.50000000000001, 102.0, 102.49999999999999, 103.0, 103.50000000000001, 104.0]}}