{"1.3": {"num_mean": [0.0, 0.0, 0.0, 0.02, 0.06, 0.42, 1.6, 5.54, 13.52, 27.4, 44.7, 64.32, 80.6, 91.58, 96.78, 99.22, 99.92, 100.0, 100.0, 100.0, 100.0], "num_lb": [0.0, 0.0, 0.0, 0.0, 0.0, 0.0, 0.0, 2.0, 6.98, 19.49, 36.0, 56.00000000000001, 70.49, 84.49, 93.49, 97.0, 99.0, 100.0, 100.0, 100.0, 100.0], "num_ub": [0.0, 0.0, 0.0, 0.509999999999998, 1.0, 2.0, 4.0, 11.019999999999996, 20.509999999999998, 36.51, 53.0, 75.54999999999998, 88.0, 97.0, 100.0, 100.0, 100.0, 100.0, 100.0, 100.0, 100.0], "HupHmax": [89.79412942388825, 90.27175777188766, 90.74938611988706, 91.22701446788646, 91.70464281588588, 92.18227116388529, 92.65989951188469, 93.1375278598841, 93.6151562078835, 94.0927845558829, 94.57041290388231, 95.04804125188173, 95.52566959988113, 96.00329794788051, 96.48092629587993, 96.95855464387935, 97.43618299187875, 97.91381133987814, 98.39143968787755, 98.86906803587698, 99.34669638387638], "Hu": 95.52566959988113}, "1.5": {"num_mean": [0.0, 0.04, 0.14, 0.5, 1.56, 3.8, 8.26, 16.18, 28.66, 42.84, 58.9, 74.54, 84.76, 92.36, 97.02, 98.9, 99.68, 99.88, 99.98, 99.98, 100.0], "num_lb": [0.0, 0.0, 0.0, 0.0, 0.0, 0.49, 2.49, 8.49, 19.47, 30.98, 49.49, 65.49, 74.96, 85.98, 94.0, 97.0, 98.0, 99.0, 99.49, 99.49, 100.0], "num_ub": [0.0, 1.0, 1.0, 2.0, 4.509999999999998, 9.509999999999998, 14.509999999999998, 28.039999999999992, 39.529999999999994, 51.0, 66.50999999999999, 82.02, 92.0, 96.0, 100.0, 100.0, 100.0, 100.0, 100.0, 100.0, 100.0], "HupHmax": [77.89239107921297, 78.30671230835773, 78.72103353750248, 79.13535476664723, 79.54967599579199, 79.96399722493672, 80.37831845408148, 80.79263968322623, 81.20696091237097, 81.62128214151572, 82.03560337066048, 82.44992459980523, 82.86424582894998, 83.27856705809472, 83.69288828723947, 84.10720951638424, 84.52153074552898, 84.93585197467371, 85.35017320381849, 85.76449443296323, 86.17881566210798], "Hu": 82.86424582894998}, "1.7": {"num_mean": [0.0, 0.24, 0.5, 1.6, 4.14, 7.84, 14.26, 23.84, 37.04, 51.82, 66.14, 77.42, 87.78, 93.3, 96.4, 98.42, 99.56, 99.84, 99.92, 99.98, 100.0], "num_lb": [0.0, 0.0, 0.0, 0.0, 2.0, 1.98, 9.0, 15.96, 28.999999999999996, 41.98, 56.99999999999999, 69.98, 77.98, 89.0, 91.0, 96.0, 98.0, 98.49, 99.0, 99.49, 100.0], "num_ub": [0.0, 2.0, 2.0, 4.0, 9.019999999999996, 14.019999999999996, 21.019999999999996, 32.0, 46.019999999999996, 62.51, 77.53, 84.50999999999999, 93.50999999999999, 97.50999999999999, 100.0, 100.0, 100.0, 100.0, 100.0, 100.0, 100.0], "HupHmax": [68.95703471973643, 69.32382745760736, 69.6906201954783, 70.05741293334924, 70.4242056712202, 70.79099840909112, 71.15779114696205, 71.524583884833, 71.89137662270394, 72.25816936057487, 72.6249620984458, 72.99175483631676, 73.3585475741877, 73.72534031205863, 74.09213304992957, 74.45892578780052, 74.82571852567145, 75.19251126354239, 75.55930400141332, 75.92609673928428, 76.2928894771552], "Hu": 73.3585475741877}, "1.9": {"num_mean": [0.24, 0.58, 1.6, 3.1, 7.24, 12.08, 20.74, 31.6, 45.06, 57.96, 70.66, 81.44, 88.72, 94.6, 97.28, 98.54, 99.48, 99.82, 99.88, 100.0, 99.98], "num_lb": [0.0, 0.0, 0.0, 1.0, 2.49, 5.49, 14.000000000000002, 23.49, 33.94, 48.49, 64.49, 71.0, 83.0, 88.49, 94.0, 95.0, 98.0, 98.49, 99.0, 100.0, 99.49], "num_ub": [1.0, 2.0, 5.0, 6.0, 11.509999999999998, 22.0, 31.509999999999998, 41.0, 57.50999999999999, 67.02, 78.50999999999999, 90.53, 93.0, 99.0, 100.0, 100.0, 100.0, 100.0, 100.0, 100.0, 100.0], "HupHmax": [61.852064364102496, 62.18106470646475, 62.51006504882699, 62.839065391189244, 63.168065733551494, 63.497066075913736, 63.826066418275985, 64.15506676063823, 64.48406710300047, 64.81306744536272, 65.14206778772498, 65.47106813008722, 65.80006847244947, 66.1290688148117, 66.45806915717397, 66.78706949953622, 67.11606984189847, 67.4450701842607, 67.77407052662295, 68.1030708689852, 68.43207121134745], "Hu": 65.80006847244947}}