{"1.3": {"num": [0.0, 0.0, 0.0, 0.02, 0.16, 0.5599999999999999, 1.6400000000000001, 5.66, 13.100000000000001, 27.72, 44.48, 63.94, 82.19999999999999, 91.58, 97.1, 99.32, 99.86, 99.94, 100.0, 100.0, 100.0], "Hufacs": [94.0, 94.5, 95.0, 95.5, 96.0, 96.5, 97.0, 97.5, 98.0, 98.5, 99.0, 99.5, 100.0, 100.49999999999999, 101.0, 101.50000000000001, 102.0, 102.49999999999999, 103.0, 103.50000000000001, 104.0]}, "1.5": {"num": [0.0, 0.02, 0.1, 0.64, 1.26, 3.64, 7.86, 15.459999999999999, 27.46, 43.3, 58.599999999999994, 73.7, 84.8, 92.0, 96.88, 99.0, 99.56, 99.86, 99.96000000000001, 100.0, 100.0], "Hufacs": [94.0, 94.5, 95.0, 95.5, 96.0, 96.5, 97.0, 97.5, 98.0, 98.5, 99.0, 99.5, 100.0, 100.49999999999999, 101.0, 101.50000000000001, 102.0, 102.49999999999999, 103.0, 103.50000000000001, 104.0]}, "1.7": {"num": [0.02, 0.13999999999999999, 0.44, 1.6199999999999999, 3.36, 7.88, 14.16, 24.48, 37.04, 51.4, 65.64, 77.12, 86.83999999999999, 93.06, 96.64, 98.6, 99.64, 99.86, 99.98, 100.0, 100.0], "Hufacs": [94.0, 94.5, 95.0, 95.5, 96.0, 96.5, 97.0, 97.5, 98.0, 98.5, 99.0, 99.5, 100.0, 100.49999999999999, 101.0, 101.50000000000001, 102.0, 102.49999999999999, 103.0, 103.50000000000001, 104.0]}, "1.9": {"num": [0.1, 0.48, 1.24, 3.06, 6.38, 12.68, 20.3, 31.319999999999997, 42.72, 57.58, 70.89999999999999, 80.84, 88.4, 94.14, 97.24000000000001, 98.83999999999999, 99.66000000000001, 99.78, 99.9, 100.0, 100.0], "Hufacs": [94.0, 94.5, 95.0, 95.5, 96.0, 96.5, 97.0, 97.5, 98.0, 98.5, 99.0, 99.5, 100.0, 100.49999999999999, 101.0, 101.50000000000001, 102.0, 102.49999999999999, 103.0, 103.50000000000001, 104.0]}}