{"1.3": {"num_mean": [0.0, 0.0, 0.0, 0.0, 0.0, 0.0, 0.0, 0.0, 0.0, 1.06, 12.14, 49.6, 88.86, 99.04, 99.98, 100.0, 100.0, 100.0, 100.0, 100.0, 100.0], "num_lb": [0.0, 0.0, 0.0, 0.0, 0.0, 0.0, 0.0, 0.0, 0.0, 0.0, 5.98, 38.98, 82.49, 97.0, 99.49, 100.0, 100.0, 100.0, 100.0, 100.0, 100.0], "num_ub": [0.0, 0.0, 0.0, 0.0, 0.0, 0.0, 0.0, 0.0, 0.0, 3.0, 19.509999999999998, 57.99999999999999, 94.0, 100.0, 100.0, 100.0, 100.0, 100.0, 100.0, 100.0, 100.0], "HupHmax": [90.58400638689233, 91.0658362080992, 91.54766602930607, 92.02949585051296, 92.51132567171982, 92.9931554929267, 93.47498531413358, 93.95681513534045, 94.43864495654732, 94.92047477775421, 95.40230459896108, 95.88413442016795, 96.36596424137483, 96.84779406258168, 97.32962388378857, 97.81145370499546, 98.29328352620233, 98.77511334740919, 99.25694316861608, 99.73877298982295, 100.22060281102982], "Hu": 96.36596424137483}, "1.5": {"num_mean": [0.0, 0.0, 0.0, 0.0, 0.0, 0.0, 0.0, 0.3, 3.9, 19.18, 48.94, 80.78, 95.38, 99.66, 99.96, 100.0, 100.0, 100.0, 100.0, 100.0, 100.0], "num_lb": [0.0, 0.0, 0.0, 0.0, 0.0, 0.0, 0.0, 0.0, 1.0, 11.49, 36.47, 70.49, 91.0, 97.49, 99.0, 100.0, 100.0, 100.0, 100.0, 100.0, 100.0], "num_ub": [0.0, 0.0, 0.0, 0.0, 0.0, 0.0, 0.0, 2.0, 8.0, 25.509999999999998, 57.99999999999999, 88.50999999999999, 98.0, 100.0, 100.0, 100.0, 100.0, 100.0, 100.0, 100.0, 100.0], "HupHmax": [78.57836076265579, 78.99633076671248, 79.41430077076916, 79.83227077482583, 80.25024077888251, 80.6682107829392, 81.08618078699588, 81.50415079105255, 81.92212079510924, 82.3400907991659, 82.7580608032226, 83.17603080727928, 83.59400081133596, 84.01197081539263, 84.42994081944931, 84.847910823506, 85.26588082756268, 85.68385083161935, 86.10182083567604, 86.51979083973272, 86.9377608437894], "Hu": 83.59400081133596}, "1.7": {"num_mean": [0.0, 0.0, 0.0, 0.0, 0.0, 0.02, 0.58, 3.36, 14.86, 38.82, 65.9, 88.14, 97.14, 99.62, 99.98, 100.0, 100.0, 100.0, 100.0, 100.0, 100.0], "num_lb": [0.0, 0.0, 0.0, 0.0, 0.0, 0.0, 0.0, 0.49, 9.0, 28.47, 52.96, 83.0, 93.49, 98.0, 99.49, 100.0, 100.0, 100.0, 100.0, 100.0, 100.0], "num_ub": [0.0, 0.0, 0.0, 0.0, 0.0, 0.509999999999998, 2.509999999999998, 8.0, 23.509999999999998, 47.51, 76.53, 94.50999999999999, 100.0, 100.0, 100.0, 100.0, 100.0, 100.0, 100.0, 100.0, 100.0], "HupHmax": [69.70494288749646, 70.07571386030229, 70.44648483310813, 70.81725580591396, 71.18802677871979, 71.55879775152563, 71.92956872433146, 72.30033969713729, 72.67111066994312, 73.04188164274895, 73.41265261555479, 73.78342358836062, 74.15419456116645, 74.52496553397228, 74.89573650677812, 75.26650747958395, 75.6372784523898, 76.00804942519561, 76.37882039800145, 76.7495913708073, 77.12036234361311], "Hu": 74.15419456116645}, "1.9": {"num_mean": [0.0, 0.0, 0.0, 0.0, 0.06, 0.54, 2.8, 12.58, 28.98, 51.64, 73.02, 90.08, 97.92, 99.6, 99.98, 100.0, 100.0, 100.0, 100.0, 100.0, 100.0], "num_lb": [0.0, 0.0, 0.0, 0.0, 0.0, 0.0, 0.0, 7.49, 22.49, 42.0, 64.96, 84.0, 95.49, 97.49, 99.49, 100.0, 100.0, 100.0, 100.0, 100.0, 100.0], "num_ub": [0.0, 0.0, 0.0, 0.0, 1.0, 2.0, 5.509999999999998, 19.509999999999998, 40.51, 62.51, 84.02, 95.50999999999999, 100.0, 100.0, 100.0, 100.0, 100.0, 100.0, 100.0, 100.0, 100.0], "HupHmax": [62.65355283168883, 62.98681641058079, 63.32007998947275, 63.65334356836472, 63.98660714725668, 64.31987072614864, 64.65313430504061, 64.98639788393257, 65.31966146282453, 65.65292504171649, 65.98618862060846, 66.31945219950042, 66.65271577839238, 66.98597935728434, 67.31924293617631, 67.65250651506828, 67.98577009396023, 68.31903367285219, 68.65229725174416, 68.98556083063613, 69.31882440952808], "Hu": 66.65271577839238}}