{"1.3": {"num_mean": [0.0, 0.0, 0.02, 0.1, 0.46, 1.5, 4.02, 8.72, 17.88, 31.9, 47.82, 65.76, 80.26, 90.6, 96.38, 98.76, 99.88, 99.96, 100.0, 100.0, 100.0], "num_lb": [0.0, 0.0, 0.0, 0.0, 0.0, 0.0, 1.0, 3.0, 8.98, 20.47, 40.0, 55.00000000000001, 70.47, 81.98, 92.49, 96.0, 99.0, 99.0, 100.0, 100.0, 100.0], "num_ub": [0.0, 0.0, 0.509999999999998, 1.509999999999998, 2.0, 4.509999999999998, 9.019999999999996, 15.0, 23.509999999999998, 44.529999999999994, 60.51, 77.02, 87.50999999999999, 96.0, 100.0, 100.0, 100.0, 100.0, 100.0, 100.0, 100.0], "HupHmax": [90.78118352326157, 91.26406215902361, 91.74694079478564, 92.22981943054768, 92.71269806630971, 93.19557670207173, 93.67845533783377, 94.1613339735958, 94.64421260935782, 95.12709124511986, 95.60996988088189, 96.09284851664391, 96.57572715240595, 97.05860578816797, 97.54148442393, 98.02436305969205, 98.50724169545406, 98.99012033121608, 99.47299896697812, 99.95587760274016, 100.43875623850218], "Hu": 96.57572715240595}, "1.5": {"num_mean": [0.12, 0.3, 0.68, 1.68, 4.16, 7.32, 13.78, 22.36, 33.8, 47.86, 61.88, 74.4, 82.8, 91.18, 95.42, 98.06, 99.14, 99.58, 99.88, 99.94, 100.0], "num_lb": [0.0, 0.0, 0.0, 0.0, 1.0, 2.4699999999999998, 7.000000000000001, 13.96, 25.49, 38.47, 53.0, 62.47, 75.49, 85.49, 89.98, 94.49, 97.49, 98.0, 99.0, 99.0, 100.0], "num_ub": [1.509999999999998, 1.509999999999998, 2.0, 4.509999999999998, 8.509999999999998, 12.509999999999998, 22.019999999999996, 30.509999999999998, 43.51, 57.53, 72.50999999999999, 81.50999999999999, 89.02, 95.0, 99.0, 100.0, 100.0, 100.0, 100.0, 100.0, 100.0], "HupHmax": [77.51884047081188, 77.93117472863534, 78.34350898645882, 78.75584324428227, 79.16817750210573, 79.58051175992922, 79.99284601775268, 80.40518027557614, 80.81751453339962, 81.22984879122308, 81.64218304904655, 82.05451730687003, 82.46685156469348, 82.87918582251694, 83.29152008034042, 83.7038543381639, 84.11618859598737, 84.52852285381081, 84.94085711163429, 85.35319136945778, 85.76552562728124], "Hu": 82.46685156469348}, "1.7": {"num_mean": [0.3, 0.88, 1.94, 3.14, 6.82, 12.18, 19.96, 29.4, 40.78, 53.58, 66.58, 77.34, 85.38, 91.14, 95.1, 97.72, 99.02, 99.66, 99.92, 99.96, 100.0], "num_lb": [0.0, 0.0, 0.0, 0.0, 1.49, 4.98, 13.49, 16.92, 31.98, 45.49, 56.96, 68.98, 77.49, 86.49, 89.49, 95.0, 97.0, 98.0, 99.0, 98.98, 100.0], "num_ub": [2.509999999999998, 4.0, 5.509999999999998, 6.509999999999998, 12.509999999999998, 18.0, 27.019999999999996, 38.51, 49.529999999999994, 66.05999999999999, 76.50999999999999, 85.54999999999998, 92.53, 97.50999999999999, 99.0, 100.0, 100.0, 100.0, 100.0, 100.0, 100.0], "HupHmax": [68.13044680152716, 68.4928427951523, 68.85523878877744, 69.2176347824026, 69.58003077602774, 69.94242676965288, 70.30482276327803, 70.66721875690317, 71.02961475052831, 71.39201074415345, 71.7544067377786, 72.11680273140375, 72.4791987250289, 72.84159471865404, 73.2039907122792, 73.56638670590434, 73.92878269952948, 74.29117869315462, 74.65357468677976, 75.01597068040492, 75.37836667403005], "Hu": 72.4791987250289}, "1.9": {"num_mean": [0.76, 1.62, 3.4, 6.36, 9.08, 17.92, 25.1, 35.14, 47.1, 59.42, 70.28, 78.58, 86.4, 92.08, 95.56, 97.36, 98.92, 99.48, 99.82, 99.92, 100.0], "num_lb": [0.0, 0.0, 0.49, 2.49, 2.98, 10.45, 16.47, 21.96, 36.96, 48.47, 60.0, 69.98, 80.49, 86.47, 89.96, 94.49, 94.98, 98.0, 98.0, 98.49, 100.0], "num_ub": [3.0, 4.0, 8.039999999999992, 11.019999999999996, 15.529999999999994, 25.509999999999998, 36.03999999999999, 45.529999999999994, 55.510000000000005, 72.02, 78.50999999999999, 85.53, 92.50999999999999, 96.50999999999999, 99.0, 100.0, 100.0, 100.0, 100.0, 100.0, 100.0], "HupHmax": [60.84167386063777, 61.165299785428395, 61.48892571021902, 61.81255163500965, 62.136177559800274, 62.45980348459091, 62.78342940938153, 63.10705533417216, 63.430681258962785, 63.75430718375341, 64.07793310854404, 64.40155903333466, 64.7251849581253, 65.0488108829159, 65.37243680770655, 65.69606273249718, 66.0196886572878, 66.34331458207842, 66.66694050686905, 66.99056643165969, 67.3141923564503], "Hu": 64.7251849581253}}