{"1.3": {"num": [0.0, 0.0, 0.12, 0.13999999999999999, 0.38, 1.24, 3.74, 9.56, 17.9, 32.64, 48.4, 66.5, 80.34, 91.36, 96.24000000000001, 98.8, 99.76, 99.94, 100.0, 100.0, 100.0], "Hufacs": [94.0, 94.5, 95.0, 95.5, 96.0, 96.5, 97.0, 97.5, 98.0, 98.5, 99.0, 99.5, 100.0, 100.49999999999999, 101.0, 101.50000000000001, 102.0, 102.49999999999999, 103.0, 103.50000000000001, 104.0]}, "1.5": {"num": [0.06, 0.26, 0.6799999999999999, 1.44, 3.4799999999999995, 7.26, 13.139999999999999, 22.54, 33.86, 48.120000000000005, 61.040000000000006, 73.02, 84.42, 90.9, 95.02000000000001, 98.04, 99.18, 99.52, 99.88, 99.98, 99.98], "Hufacs": [94.0, 94.5, 95.0, 95.5, 96.0, 96.5, 97.0, 97.5, 98.0, 98.5, 99.0, 99.5, 100.0, 100.49999999999999, 101.0, 101.50000000000001, 102.0, 102.49999999999999, 103.0, 103.50000000000001, 104.0]}, "1.7": {"num": [0.26, 0.66, 1.8599999999999999, 3.3000000000000003, 6.959999999999999, 12.18, 20.52, 29.42, 42.24, 53.98, 67.10000000000001, 75.28, 84.84, 91.47999999999999, 95.3, 98.06, 98.8, 99.72, 99.9, 99.98, 99.98], "Hufacs": [94.0, 94.5, 95.0, 95.5, 96.0, 96.5, 97.0, 97.5, 98.0, 98.5, 99.0, 99.5, 100.0, 100.49999999999999, 101.0, 101.50000000000001, 102.0, 102.49999999999999, 103.0, 103.50000000000001, 104.0]}, "1.9": {"num": [0.76, 1.46, 2.98, 6.0600000000000005, 10.780000000000001, 16.6, 24.92, 35.339999999999996, 46.78, 59.5, 70.42, 78.84, 86.53999999999999, 91.86, 95.12, 97.64, 98.74000000000001, 99.6, 99.88, 99.88, 99.96000000000001], "Hufacs": [94.0, 94.5, 95.0, 95.5, 96.0, 96.5, 97.0, 97.5, 98.0, 98.5, 99.0, 99.5, 100.0, 100.49999999999999, 101.0, 101.50000000000001, 102.0, 102.49999999999999, 103.0, 103.50000000000001, 104.0]}}