{"1": {"p_mean": 0.9413401772281493, "p_lb": 0.9413401772281493, "p_ub": 0.9413401772281493, "mU_mean": 0.001334165020618914, "mU_lb": 0.001334165020618914, "mU_ub": 0.001334165020618914, "mH_mean": 0.384683578832515, "mH_lb": 0.384683578832515, "mH_ub": 0.384683578832515, "params": [9.0, 0.017516441939447246, 0.22581915788215678, 0.9401234488501574, 0.2145066414796447, 0.15430801407571348, 0.12299231625799839, 0.6240771583804628, 0.0013411588339176897]}, "5": {"p_mean": 0.9408911894202416, "p_lb": 0.940396938553058, "p_ub": 0.9414434079652327, "mU_mean": 0.001352441024383535, "mU_lb": 0.0012597580996363458, "mU_ub": 0.0014522284293246688, "mH_mean": 0.38503839180604377, "mH_lb": 0.38171328413153593, "mH_ub": 0.38880939951879867, "params": [9.0, 0.017516441939447246, 0.22581915788215678, 0.9401234488501574, 0.2145066414796447, 0.15430801407571348, 0.12299231625799839, 0.6240771583804628, 0.0013411588339176897]}, "10": {"p_mean": 0.9405148246970672, "p_lb": 0.9396180686642276, "p_ub": 0.9411125993432514, "mU_mean": 0.0013060682635664092, "mU_lb": 0.0012289171438360142, "mU_ub": 0.0013771498396754306, "mH_mean": 0.3877670402622725, "mH_lb": 0.379872702389693, "mH_ub": 0.3964264468437712, "params": [9.0, 0.017516441939447246, 0.22581915788215678, 0.9401234488501574, 0.2145066414796447, 0.15430801407571348, 0.12299231625799839, 0.6240771583804628, 0.0013411588339176897]}, "20": {"p_mean": 0.9407192630305105, "p_lb": 0.9389854441413747, "p_ub": 0.9420530433478314, "mU_mean": 0.001351102519509846, "mU_lb": 0.0011957082468902292, "mU_ub": 0.0015163110824830829, "mH_mean": 0.3843920734856626, "mH_lb": 0.3781545284123144, "mH_ub": 0.39084118010318525, "params": [9.0, 0.017516441939447246, 0.22581915788215678, 0.9401234488501574, 0.2145066414796447, 0.15430801407571348, 0.12299231625799839, 0.6240771583804628, 0.0013411588339176897]}}