{"1": {"p_mean": 0.941688092929155, "p_lb": 0.941688092929155, "p_ub": 0.941688092929155, "mU_mean": 0.0014603806551719643, "mU_lb": 0.0014603806551719643, "mU_ub": 0.0014603806551719643, "mH_mean": 0.38064428250357557, "mH_lb": 0.38064428250357557, "mH_ub": 0.38064428250357557, "params": [9.0, 0.017516441939447246, 0.22581915788215678, 0.9401234488501574, 0.2145066414796447, 0.15430801407571348, 0.12299231625799839, 0.6240771583804628, 0.0013411588339176897]}, "5": {"p_mean": 0.9411866003546503, "p_lb": 0.9406287815515423, "p_ub": 0.9415485023385756, "mU_mean": 0.0012939691129409561, "mU_lb": 0.0011240971911189582, "mU_ub": 0.0014304503860411186, "mH_mean": 0.38241593058187756, "mH_lb": 0.3765053895453635, "mH_ub": 0.38711394230765017, "params": [9.0, 0.017516441939447246, 0.22581915788215678, 0.9401234488501574, 0.2145066414796447, 0.15430801407571348, 0.12299231625799839, 0.6240771583804628, 0.0013411588339176897]}, "10": {"p_mean": 0.9410796601302535, "p_lb": 0.9403485768403081, "p_ub": 0.9417096491070497, "mU_mean": 0.0013496185165855616, "mU_lb": 0.0012764546428637325, "mU_ub": 0.0014713952102031159, "mH_mean": 0.3834834488179439, "mH_lb": 0.3791042924117192, "mH_ub": 0.3910049426783945, "params": [9.0, 0.017516441939447246, 0.22581915788215678, 0.9401234488501574, 0.2145066414796447, 0.15430801407571348, 0.12299231625799839, 0.6240771583804628, 0.0013411588339176897]}, "20": {"p_mean": 0.9412880770563816, "p_lb": 0.9398912680050626, "p_ub": 0.9424738215592886, "mU_mean": 0.001348236677178245, "mU_lb": 0.001215790352329419, "mU_ub": 0.0014659355603041054, "mH_mean": 0.383761555072628, "mH_lb": 0.3754868344069703, "mH_ub": 0.39032376380304185, "params": [9.0, 0.017516441939447246, 0.22581915788215678, 0.9401234488501574, 0.2145066414796447, 0.15430801407571348, 0.12299231625799839, 0.6240771583804628, 0.0013411588339176897]}}