{"params": [0.1576479774550252, 0.22581915788215678, 0.9401234488501574, 0.2145066414796447, 0.15430801407571348, 0.0757305868279355, 0.6240771583804628, 0.0013411588339176897], "initial_conditions": [8986833.375, 65406.65562593841, 1629.1529884328957, 97.52129381979353, 436.50429412278385, 0.0, 0.0, 0.0, 0.0], "population_size": 9217265}